Rk,Player,Pos,Age,Tm,G,MP,PG%,SG%,SF%,PF%,C%,OnCourt,On-Off,BadPass,LostBall,Shoot,Off.,Shoot,Off.,PGA,And1,Blkd,-9999
1,Precious Achiuwa,PF-C,24,TOT,74,1624,,,1%,47%,53%,-0.7,-3.5,34,23,87,13,54,4,234,10,39,achiupr01
2,Bam Adebayo,C,26,MIA,71,2416,,,,,100%,0.8,-3.1,63,44,81,32,179,6,678,35,46,adebaba01
3,Ochai Agbaji,SG,23,TOT,78,1641,,16%,77%,7%,,-6.8,-1.6,25,18,61,11,30,3,201,13,41,agbajoc01
4,Santi Aldama,PF,23,MEM,61,1618,,,5%,82%,14%,-8.9,-2.7,35,18,52,5,41,3,342,16,26,aldamsa01
5,Nickeil Alexander-Walker,SG,25,MIN,82,1921,43%,48%,9%,,,8.7,4.3,51,16,80,4,24,29,496,4,29,alexani01
6,Grayson Allen,SG,28,PHO,75,2513,26%,72%,2%,,,4.8,4.3,56,16,75,8,63,19,546,15,26,allengr01
7,Jarrett Allen,C,25,CLE,77,2442,,,,1%,100%,5.0,6.1,67,28,87,21,142,15,499,31,75,allenja01
8,Timmy Allen,SF,24,MEM,5,125,,38%,53%,9%,,-24.0,-17.3,1,0,13,0,1,2,13,0,1,allenti01
9,Jose Alvarado,PG,25,NOP,56,1028,100%,,,,,12.3,10.4,25,10,27,1,19,12,275,1,22,alvarjo01
10,Kyle Anderson,PF,30,MIN,79,1782,,,55%,42%,4%,5.6,-1.7,57,20,57,6,65,7,781,11,20,anderky01
11,Giannis Antetokounmpo,PF,29,MIL,73,2567,,,,59%,41%,6.2,10.0,75,72,83,45,377,7,1242,105,90,antetgi01
12,Thanasis Antetokounmpo,PF,31,MIL,34,155,,,9%,34%,58%,-11.8,-15.1,4,5,11,1,1,1,44,0,3,antetth01
13,Cole Anthony,PG,23,ORL,81,1817,100%,,,,,1.9,0.3,68,39,88,7,87,11,569,15,32,anthoco01
14,OG Anunoby,SF,26,TOT,50,1702,,1%,64%,34%,1%,11.6,16.2,33,19,58,15,47,4,252,15,41,anunoog01
15,Ryan Arcidiacono,PG,29,NYK,20,45,,65%,36%,,,7.6,2.9,2,0,3,0,0,2,11,0,0,arcidry01
16,Deni Avdija,SF,23,WAS,75,2257,,,54%,42%,4%,-6.3,6.9,87,45,93,18,144,12,672,45,76,avdijde01
17,Deandre Ayton,C,25,POR,55,1784,,,,,100%,-8.7,1.3,28,42,75,14,40,3,222,11,41,aytonde01
18,Udoka Azubuike,C,24,PHO,16,113,,,,,100%,-17.1,-21.0,0,2,12,2,6,1,6,1,3,azubuud01
19,Ibou Badji,C,21,POR,22,226,,,,,100%,-20.0,-11.3,2,7,30,4,5,1,28,0,3,badjiib01
20,Marvin Bagley III,C,24,TOT,50,1053,,,,3%,98%,-6.7,2.8,19,13,43,18,64,10,128,15,38,baglema01
21,Amari Bailey,PG,19,CHO,10,65,73%,27%,,,,5.6,16.5,3,1,1,0,3,0,18,1,0,baileam01
22,Patrick Baldwin Jr.,SF,21,WAS,38,493,,,6%,61%,33%,-2.9,7.2,6,7,37,4,15,2,74,8,4,baldwpa01
23,LaMelo Ball,PG,22,CHO,22,711,69%,29%,1%,,,-9.2,1.7,37,22,26,11,40,5,396,7,14,ballla01
24,Mo Bamba,C,25,PHI,57,740,,,,,100%,-3.7,-8.2,12,5,55,19,25,2,102,5,12,bambamo01
25,Paolo Banchero,PF,21,ORL,80,2799,,,,93%,7%,-0.3,-7.3,114,91,92,21,269,0,1054,51,87,banchpa01
26,Desmond Bane,SG,25,MEM,42,1443,13%,50%,34%,3%,,-7.7,-0.7,47,31,57,18,61,10,568,13,61,banede01
27,Dalano Banton,PG,24,TOT,54,1047,41%,58%,1%,,,-11.2,-6.4,47,19,40,8,58,1,306,13,35,bantoda01
28,Dominick Barlow,PF,20,SAS,33,420,,,2%,21%,78%,-4.7,1.8,5,0,30,3,18,2,85,2,8,barlodo01
29,Harrison Barnes,PF,31,SAC,82,2381,,,10%,90%,1%,-1.8,-7.8,23,23,60,5,86,12,238,19,27,barneha02
30,Scottie Barnes,SG,22,TOR,60,2094,,31%,33%,33%,2%,-3.1,7.0,104,31,40,16,111,16,865,30,48,barnesc01
31,RJ Barrett,SG,23,TOT,58,1838,,9%,69%,22%,1%,-3.3,-1.8,64,33,67,14,152,8,472,30,90,barrerj01
32,Charles Bassey,C,23,SAS,19,205,,,,37%,63%,-10.5,-4.4,10,2,20,2,3,0,52,2,1,bassech01
33,Emoni Bates,SF,20,CLE,15,133,5%,31%,63%,1%,,-32.3,-36.1,4,4,4,0,2,2,25,0,3,batesem01
34,Keita Bates-Diop,SF,28,TOT,53,665,,10%,47%,42%,1%,-4.3,-7.9,4,7,23,1,21,0,92,8,16,bateske01
35,Nicolas Batum,PF,35,TOT,60,1529,,,,89%,11%,5.7,4.3,31,5,44,2,8,2,290,1,2,batumni01
36,Darius Bazley,PF,23,TOT,9,152,,,23%,64%,13%,-8.4,-4.2,3,4,2,0,6,0,19,2,4,bazleda01
37,Bradley Beal,SG,30,PHO,53,1767,2%,35%,60%,4%,,3.2,0.0,67,33,70,14,65,13,643,13,37,bealbr01
38,Malik Beasley,SG,27,MIL,79,2337,9%,87%,5%,,,6.5,9.2,26,18,75,1,11,7,264,3,27,beaslma01
39,MarJon Beauchamp,SF,23,MIL,48,608,,21%,69%,10%,,-0.9,-4.3,11,10,28,1,14,1,72,1,17,beaucma01
40,Jules Bernard,SG,24,WAS,19,149,2%,63%,36%,,,4.7,14.5,3,3,8,1,6,2,39,3,2,bernaju01
41,Dāvis Bertāns,PF,31,TOT,43,674,,,12%,54%,35%,-7.6,0.7,9,3,24,5,11,5,83,2,8,bertada01
42,Patrick Beverley,PG,35,TOT,73,1462,100%,,,,,-0.6,-4.3,45,10,55,1,32,16,509,9,14,beverpa01
43,Saddiq Bey,SF,24,ATL,63,2062,,1%,70%,29%,,-1.0,2.6,20,10,39,2,108,3,222,27,49,beysa01
44,Goga Bitadze,C,24,ORL,62,957,,,,,100%,0.3,-1.9,20,6,49,12,35,1,188,10,16,bitadgo01
45,Onuralp Bitim,SG,24,CHI,23,268,,19%,66%,15%,,-6.9,-5.9,6,1,17,1,1,2,31,1,5,bitimon01
46,Bismack Biyombo,C,31,TOT,40,791,,,,59%,42%,-3.6,2.9,14,9,45,13,16,4,129,4,13,biyombi01
47,Anthony Black,PG,20,ORL,69,1164,68%,30%,2%,,,-1.3,-4.4,40,7,65,1,33,19,219,8,16,blackan01
48,Leaky Black,SF,24,CHO,26,284,,,46%,54%,,-6.6,4.3,3,1,9,2,5,2,61,1,5,blackle01
49,Buddy Boeheim,SF,24,DET,10,84,,7%,71%,22%,,15.1,24.5,0,0,3,0,3,0,7,0,1,boehebu01
50,Bogdan Bogdanović,SG,31,ATL,79,2401,,51%,47%,2%,,1.9,10.3,65,30,94,9,68,7,585,13,51,bogdabo01
51,Bojan Bogdanović,SF-PF,34,TOT,57,1478,,1%,35%,63%,1%,-11.6,-9.5,58,29,52,6,63,5,237,13,45,bogdabo02
52,Bol Bol,PF,24,PHO,43,469,,,1%,79%,20%,2.7,-0.7,7,8,29,0,9,0,41,5,3,bolbo01
53,Marques Bolden,C,25,TOT,11,121,,,,,100%,-6.6,3.7,0,0,7,2,1,0,11,0,0,boldema01
54,Devin Booker,PG,27,PHO,68,2447,91%,10%,,,,5.7,6.4,102,50,88,17,174,14,1168,39,48,bookede01
55,Brandon Boston Jr.,SF,22,LAC,32,345,2%,46%,43%,7%,2%,-15.2,-20.6,4,11,26,4,14,3,29,1,13,bostobr01
56,Chris Boucher,PF,31,TOR,50,705,,,12%,55%,34%,2.8,11.2,6,11,46,4,50,12,53,12,14,bouchch01
57,James Bouknight,SG,23,CHO,14,81,,72%,28%,,,-10.5,0.1,2,0,3,0,1,0,14,0,2,bouknja01
58,Jamaree Bouyea,PG,24,TOT,9,95,95%,5%,,,,-8.0,0.1,4,3,7,1,0,1,29,0,2,bouyeja01
59,Malaki Branham,PG,20,SAS,75,1594,62%,36%,2%,,,-10.7,-7.3,62,24,49,2,30,15,377,9,41,branhma01
60,Christian Braun,SG,22,DEN,82,1655,1%,41%,57%,1%,,1.2,-7.5,20,15,70,13,67,4,315,14,46,braunch01
61,Mikal Bridges,SF,27,BRK,82,2854,1%,29%,50%,20%,1%,-3.6,-2.3,82,60,55,6,127,23,748,30,54,bridgmi01
62,Miles Bridges,SF,25,CHO,69,2581,,24%,61%,15%,,-12.0,-3.9,69,49,67,9,111,9,574,40,64,bridgmi02
63,Oshae Brissett,SF,25,BOS,55,630,,15%,56%,29%,1%,10.4,-1.0,8,7,29,2,40,0,116,6,9,brissos01
64,Izaiah Brockington,PG,24,NOP,1,3,100%,,,,,21.4,16.8,0,0,0,0,0,0,0,0,1,brockiz01
65,Malcolm Brogdon,PG,31,POR,39,1121,61%,39%,,,,-3.6,8.0,34,17,32,4,50,8,517,12,29,brogdma01
66,Armoni Brooks,PG,25,BRK,10,104,72%,28%,,,,11.0,14.4,3,0,1,0,1,0,10,1,4,brookar01
67,Dillon Brooks,SF,28,HOU,72,2227,1%,17%,73%,9%,,-0.1,-2.9,41,29,124,10,69,23,285,11,31,brookdi01
68,Bruce Brown,PG-SG,27,TOT,67,1866,17%,78%,5%,,,-5.6,-5.3,36,32,77,7,68,1,456,20,41,brownbr01
69,Charlie Brown Jr.,SG,26,NYK,8,37,,41%,55%,5%,,-13.0,-18.0,1,0,3,0,0,1,0,0,1,brownch02
70,Greg Brown III,PF,22,DAL,6,40,,,59%,35%,7%,-7.5,-9.7,2,1,3,1,4,0,8,1,1,browngr01
71,Jaylen Brown,SF,27,BOS,70,2343,1%,30%,68%,2%,,8.2,-7.7,64,61,74,27,156,10,619,46,72,brownja02
72,Kendall Brown,SG,20,IND,15,63,9%,58%,30%,3%,,-19.2,-22.5,1,0,5,1,4,1,11,0,0,brownke03
73,Kobe Brown,PF,24,LAC,44,394,,,1%,89%,10%,-9.2,-14.3,3,3,29,2,1,1,61,0,6,brownko01
74,Moses Brown,C,24,POR,22,200,,,,,100%,-17.1,-8.1,3,4,20,2,16,0,14,3,12,brownmo01
75,Troy Brown Jr.,SF,24,TOT,59,827,,18%,63%,19%,,-7.2,-6.6,19,6,27,3,12,2,146,1,15,browntr01
76,Jalen Brunson,PG,27,NYK,77,2726,100%,,,,,8.3,11.8,96,67,74,13,222,75,1269,86,64,brunsja01
77,Thomas Bryant,C,26,MIA,38,441,,,,2%,98%,2.0,0.0,2,2,26,10,24,0,59,5,10,bryanth01
78,Kobe Bufkin,SG,20,ATL,17,196,62%,38%,,,,-8.7,-6.8,7,0,11,0,4,0,58,2,7,bufkiko01
79,Reggie Bullock,SF,32,HOU,44,417,7%,35%,47%,11%,,-5.9,-7.9,9,0,12,1,1,0,33,1,2,bullore01
80,Alec Burks,SG,32,TOT,66,1212,,60%,38%,2%,,-10.2,-5.4,27,15,37,3,67,15,213,9,21,burksal01
81,Jared Butler,SG,23,WAS,40,566,95%,5%,,,,-5.3,4.6,35,11,36,2,16,9,295,5,13,butleja02
82,Jimmy Butler,PF,34,MIA,60,2042,,,25%,74%,,5.5,7.2,56,31,30,10,205,5,768,46,63,butleji01
83,Jamal Cain,PF,24,MIA,26,259,,,35%,65%,,-4.3,-6.8,2,2,10,0,12,1,24,1,3,cainja01
84,Kentavious Caldwell-Pope,SG,30,DEN,76,2402,6%,87%,7%,,,11.7,15.8,53,14,87,4,34,19,420,7,14,caldwke01
85,Toumani Camara,PF,23,POR,70,1739,,,,84%,16%,-4.8,8.2,38,19,92,13,44,34,213,10,27,camarto01
86,Clint Capela,C,29,ATL,73,1883,,,,,100%,-0.6,3.1,24,23,86,16,108,17,227,22,69,capelca01
87,Jevon Carter,PG,28,CHI,72,1004,100%,,,,,1.6,4.0,19,6,27,4,2,4,222,1,6,carteje01
88,Wendell Carter Jr.,C,24,ORL,55,1406,,,,5%,95%,1.9,0.1,18,17,67,22,56,10,225,12,23,cartewe01
89,D.J. Carton,SG,23,TOR,4,36,61%,32%,8%,,,-38.0,-31.8,1,0,0,0,2,0,8,1,0,cartodj01
90,Alex Caruso,SG,29,CHI,71,2040,17%,78%,5%,,,0.3,3.4,72,24,82,2,37,42,558,5,25,carusal01
91,Colin Castleton,C,23,LAL,16,59,,,,,100%,-42.4,-43.4,2,0,6,1,1,0,6,0,2,castlco01
92,Malcolm Cazalon,SG,22,DET,1,3,,,,100%,,63.3,72.2,0,0,0,0,0,0,0,0,0,cazalma01
93,Julian Champagnie,SF,22,SAS,74,1468,,4%,68%,28%,,-4.0,3.7,31,10,46,3,42,5,242,6,20,champju02
94,Justin Champagnie,SF,22,WAS,15,235,,42%,49%,10%,,-13.1,-4.1,8,2,10,0,5,0,41,1,6,champju01
95,Max Christie,SG,20,LAL,67,944,10%,74%,17%,,,-0.5,-1.2,26,5,33,4,19,1,152,2,21,chrisma02
96,Sidy Cissoko,SF,19,SAS,12,141,,,63%,37%,,9.1,16.0,0,2,7,0,8,0,26,1,2,cissosi01
97,Brandon Clarke,PF,27,MEM,6,134,,13%,46%,36%,5%,-5.6,1.7,1,1,6,1,3,1,20,2,5,clarkbr01
98,Jordan Clarkson,SG,31,UTA,55,1682,,69%,25%,6%,,-5.7,-1.5,70,54,39,11,81,3,672,16,51,clarkjo01
99,Nic Claxton,C,24,BRK,71,2116,,,,,100%,-5.7,-5.7,23,25,75,31,89,13,349,24,41,claxtni01
100,Noah Clowney,PF,19,BRK,23,370,,,31%,44%,25%,-6.0,-3.4,5,7,15,2,13,1,46,4,8,clownno01
101,Amir Coffey,SF,26,LAC,70,1460,,6%,69%,25%,1%,-2.8,-10.3,16,9,58,5,34,7,190,12,20,coffeam01
102,John Collins,PF,26,UTA,68,1901,,,17%,70%,13%,-7.3,-4.7,36,32,122,15,87,14,185,23,73,collijo01
103,Zach Collins,C,26,SAS,69,1526,,,,27%,73%,-12.3,-9.6,63,28,132,28,69,8,442,20,39,colliza01
104,Mike Conley,PG,36,MIN,76,2193,100%,,,,,5.4,-2.6,81,13,57,2,37,27,1049,9,15,conlemi01
105,Pat Connaughton,SF,31,MIL,76,1676,2%,41%,56%,2%,,-1.2,-6.9,30,13,62,4,20,9,395,6,10,connapa01
106,Bilal Coulibaly,SF,19,WAS,63,1715,1%,48%,50%,1%,,-11.7,-4.4,52,20,67,5,68,3,268,19,43,coulibi01
107,Ricky Council IV,SG,22,PHI,32,289,,27%,59%,14%,,2.8,-0.2,2,0,9,1,35,0,38,9,6,councri01
108,Robert Covington,SF-PF,33,TOT,29,488,,7%,75%,19%,,11.7,9.3,2,4,22,3,12,2,57,2,7,covinro01
109,Torrey Craig,SF,33,CHI,53,1049,,,17%,81%,2%,-7.2,-7.9,17,9,60,3,16,5,131,6,8,craigto01
110,Jae Crowder,PF,33,MIL,50,1156,,,67%,32%,1%,-2.5,-7.5,13,5,39,3,11,7,164,1,8,crowdja01
111,Jalen Crutcher,PG,24,NOP,1,3,100%,,,,,50.0,45.4,0,0,0,0,0,0,0,0,0,crutcja01
112,Cade Cunningham,PG,22,DET,62,2074,65%,32%,3%,,,-8.1,1.6,126,59,81,13,109,6,1076,21,92,cunnica01
113,Seth Curry,SG,33,TOT,44,616,30%,57%,13%,,,3.3,5.0,10,4,16,3,12,7,107,6,9,curryse01
114,Stephen Curry,PG,35,GSW,74,2421,75%,25%,,,,2.5,-0.6,115,61,62,15,123,15,872,36,51,curryst01
115,Dyson Daniels,PG,20,NOP,61,1358,41%,51%,8%,,,4.3,-0.5,31,16,51,4,23,5,384,3,14,daniedy01
116,Anthony Davis,C,30,LAL,76,2700,,,,3%,97%,2.3,6.0,53,60,117,22,221,4,625,60,80,davisan02
117,Johnny Davis,SG,21,WAS,50,613,12%,69%,19%,,,-10.8,-1.8,3,8,29,2,7,5,77,1,13,davisjo06
118,JD Davison,SG,21,BOS,8,39,34%,58%,8%,,,30.6,19.6,2,0,4,0,2,0,23,0,0,davisjd01
119,Dexter Dennis,SG,24,DAL,4,30,,48%,52%,,,-11.2,-13.5,3,0,1,0,3,0,9,3,0,dennide01
120,DeMar DeRozan,SF,34,CHI,79,2989,,2%,52%,45%,,-1.2,0.8,79,36,87,10,277,15,1044,71,75,derozde01
121,Moussa Diabaté,C,22,LAC,11,64,,,,,100%,3.4,-0.2,1,0,2,0,5,1,11,0,3,diabamo01
122,Mamadi Diakite,PF,27,TOT,6,24,,,,100%,,6.8,9.5,0,0,1,0,3,0,5,0,0,diakima01
123,Hamidou Diallo,SG,25,WAS,2,5,,100%,,,,34.4,43.8,1,0,1,0,0,0,2,0,0,diallha01
124,Gradey Dick,SG,20,TOR,60,1268,1%,25%,46%,28%,,-14.4,-11.7,26,16,50,3,19,8,169,4,26,dickgr01
125,Ousmane Dieng,PF,20,OKC,33,365,,,14%,68%,18%,1.2,-7.4,9,9,13,1,8,1,93,2,3,diengou01
126,Spencer Dinwiddie,PG,30,TOT,76,2152,74%,25%,1%,,,1.1,4.0,57,15,61,12,100,11,882,23,18,dinwisp01
127,Donte DiVincenzo,SG,27,NYK,81,2360,1%,77%,21%,,,3.1,-4.1,61,25,76,12,40,18,504,8,32,divindo01
128,Luka Dončić,PG,24,DAL,70,2624,74%,26%,,,,5.3,9.4,200,61,77,7,283,12,1636,78,50,doncilu01
129,Luguentz Dort,SF,24,OKC,79,2246,,7%,70%,23%,,8.7,1.7,29,22,105,15,73,56,275,14,31,dortlu01
130,Ayo Dosunmu,SG,24,CHI,76,2212,9%,56%,35%,1%,,-3.1,-3.9,50,32,80,7,51,6,573,10,59,dosunay01
131,Jeff Dowtin,PG,26,PHI,12,142,52%,42%,5%,,,5.9,3.0,2,2,0,1,3,2,65,2,2,dowtije01
132,Henri Drell,SF,23,CHI,4,30,,,,93%,7%,13.2,14.8,2,0,3,0,0,0,9,0,1,drellhe01
133,Andre Drummond,C,30,CHI,79,1351,,,,,100%,0.9,3.4,23,16,54,25,102,4,87,16,42,drumman01
134,Chris Duarte,SF,26,SAC,59,719,,34%,63%,3%,,-3.1,-5.3,10,8,38,2,13,14,101,2,11,duartch01
135,David Duke Jr.,SG,24,SAS,4,51,,13%,82%,5%,,5.7,12.2,2,0,1,0,1,2,12,1,0,dukeda01
136,Kris Dunn,PG,29,UTA,66,1249,60%,28%,12%,,,0.2,7.5,49,17,69,6,14,4,623,2,19,dunnkr01
137,Kevin Durant,PF,35,PHO,75,2791,,,6%,85%,9%,5.2,6.7,118,94,68,14,180,11,895,46,49,duranke01
138,Jalen Duren,C,20,DET,61,1777,,,,,100%,-8.3,1.1,48,37,102,37,95,1,334,29,47,durenja01
139,Tari Eason,PF,22,HOU,22,480,,1%,40%,59%,,10.7,10.9,9,3,31,2,16,2,65,5,17,easonta01
140,Anthony Edwards,SG,22,MIN,79,2770,3%,73%,24%,,,7.4,2.8,112,91,61,15,240,1,1024,69,56,edwaran01
141,Kessler Edwards,SF,23,SAC,54,275,,3%,54%,40%,3%,-4.4,-6.1,3,0,17,0,5,4,38,1,6,edwarke02
142,Keon Ellis,SG,24,SAC,57,978,13%,63%,24%,,,5.5,5.5,22,8,63,2,12,8,212,2,6,elliske01
143,Joel Embiid,C,29,PHI,39,1309,,,,,100%,9.6,10.0,58,57,66,27,198,2,549,35,52,embiijo01
144,Drew Eubanks,C,26,PHO,75,1169,,,,,100%,-4.8,-11.3,22,12,58,21,40,5,156,8,23,eubandr01
145,Tosan Evbuomwan,SF,22,TOT,17,367,,3%,26%,71%,,-16.1,-8.0,5,2,17,1,13,2,41,1,5,evbuoto01
146,Dante Exum,PG,28,DAL,55,1088,100%,,,,,10.8,12.0,22,20,37,3,31,20,380,5,18,exumda01
147,Bruno Fernando,C,25,ATL,45,682,,,,,100%,-5.6,-4.0,15,8,61,19,49,2,114,11,23,fernabr01
148,Dorian Finney-Smith,PF,30,BRK,68,1934,,2%,39%,45%,14%,-1.5,2.8,29,12,71,9,18,1,263,2,18,finnedo01
149,Adam Flagler,SG,24,OKC,2,14,100%,,,,,7.6,-0.4,0,0,0,0,0,0,11,0,0,flaglad01
150,Malachi Flynn,PG,25,TOT,69,876,94%,7%,,,,-9.9,-3.5,35,16,25,7,27,3,313,5,19,flynnma01
151,Simone Fontecchio,SF,28,TOT,66,1644,,,73%,27%,,-0.8,6.9,33,19,50,8,33,6,233,9,35,fontesi01
152,Jordan Ford,PG,25,SAC,6,22,100%,,,,,28.1,26.9,1,0,0,0,0,0,6,0,0,fordjo01
153,Trent Forrest,SG,25,ATL,38,414,40%,54%,6%,,,-10.7,-9.4,11,6,17,1,6,2,223,1,5,forretr01
154,Evan Fournier,SG,31,TOT,32,580,,44%,56%,,,-12.3,-4.9,11,8,29,0,13,2,109,2,6,fournev01
155,De'Aaron Fox,PG,26,SAC,74,2659,100%,,,,,3.1,5.5,106,71,88,10,186,21,1031,44,68,foxde01
156,Javon Freeman-Liberty,PG,24,TOR,22,403,88%,12%,,,,-18.3,-13.2,13,6,12,4,15,2,96,1,15,freemja01
157,Alex Fudge,SF,20,TOT,6,40,,,38%,62%,,-42.4,-44.2,0,1,1,0,1,0,0,0,2,fudgeal01
158,Markelle Fultz,PG,25,ORL,43,910,59%,41%,,,,0.6,-1.5,29,14,33,5,18,2,291,7,27,fultzma01
159,Andrew Funk,SG,24,CHI,5,13,47%,50%,3%,,,19.4,20.8,0,0,0,0,0,0,0,0,1,funkan01
160,Wenyen Gabriel,PF,26,MEM,5,81,,8%,75%,16%,,-10.3,-3.1,2,2,2,4,3,0,7,1,2,gabriwe01
161,Daniel Gafford,C-PF,25,TOT,74,1815,,,,4%,96%,-2.8,3.3,25,21,159,22,88,16,254,20,34,gaffoda01
162,Danilo Gallinari,PF-SF,35,TOT,49,630,,,10%,29%,61%,-9.3,-3.3,7,14,30,1,36,2,134,7,8,gallida01
163,Darius Garland,PG,24,CLE,57,1901,100%,,,,,1.8,-1.6,104,40,36,9,72,16,878,15,48,garlada01
164,Usman Garuba,PF,21,GSW,6,18,,,,10%,90%,-32.2,-35.1,1,1,2,0,1,0,2,0,2,garubus01
165,Luka Garza,C,25,MIN,25,122,,,,8%,92%,0.9,-5.8,3,3,13,0,12,5,10,3,5,garzalu01
166,Kaiser Gates,SF,27,NOP,1,7,,,,100%,,-12.5,-17.2,0,0,0,0,0,0,0,0,1,gateska01
167,Keyonte George,PG,20,UTA,75,2023,71%,29%,,,,-8.9,-8.1,115,47,31,9,103,24,794,24,51,georgke01
168,Paul George,PF,33,LAC,74,2502,,,3%,86%,11%,8.9,14.3,82,36,88,24,117,19,619,28,55,georgpa01
169,Taj Gibson,PF,38,TOT,20,204,,,,19%,82%,-6.9,-9.5,0,2,18,3,1,0,26,0,3,gibsota01
170,Josh Giddey,SG,21,OKC,80,2011,1%,60%,34%,5%,,8.2,0.5,92,50,63,12,63,3,915,21,70,giddejo01
171,Harry Giles,C,25,TOT,23,100,,,,50%,50%,-21.0,-18.8,2,2,12,2,8,0,14,3,2,gilesha01
172,Shai Gilgeous-Alexander,PG,25,OKC,75,2553,99%,1%,,,,11.9,11.4,67,57,99,14,272,11,1175,74,77,gilgesh01
173,Anthony Gill,PF,31,WAS,50,466,,,2%,29%,70%,-0.1,10.4,14,5,25,3,13,2,86,2,16,gillan01
174,Collin Gillespie,PG,24,DEN,24,225,100%,,,,,4.5,-1.1,7,1,10,2,6,2,64,2,3,gilleco01
175,Jacob Gilyard,PG,25,TOT,41,699,100%,,,,,-12.3,-6.2,25,3,18,0,1,2,344,1,5,gilyaja01
176,Rudy Gobert,C,31,MIN,76,2593,,,,,100%,8.4,5.2,32,30,120,38,166,14,265,42,55,goberru01
177,Jordan Goodwin,PG,25,TOT,57,1055,81%,17%,2%,,,-4.1,-2.7,36,15,48,2,23,2,367,5,28,goodwjo01
178,Aaron Gordon,PF,28,DEN,73,2297,,,,90%,10%,9.1,8.5,44,29,87,20,140,7,630,41,57,gordoaa01
179,Eric Gordon,SG,35,PHO,68,1893,17%,48%,36%,,,3.6,0.7,40,16,46,6,31,3,330,9,40,gordoer01
180,Devonte' Graham,PG,28,SAS,23,313,62%,38%,,,,4.4,11.7,13,1,7,0,8,1,116,4,4,grahade01
181,Jerami Grant,PF,29,POR,54,1830,,,41%,53%,6%,-9.6,-0.5,47,47,66,14,136,14,380,27,64,grantje01
182,RaiQuan Gray,PF,24,SAS,3,39,,,,27%,73%,14.6,21.1,1,0,0,0,0,0,14,0,1,grayra01
183,A.J. Green,SG,24,MIL,56,614,20%,65%,15%,,,4.8,2.3,7,3,24,0,4,8,72,2,3,greenaj01
184,Danny Green,SG,36,PHI,2,18,,50%,50%,,,-3.0,-6.0,0,0,1,0,0,0,2,0,0,greenda02
185,Draymond Green,PF,33,GSW,55,1490,,,3%,80%,17%,5.6,4.6,101,11,83,21,33,29,789,7,18,greendr01
186,Jalen Green,SG,21,HOU,82,2601,12%,85%,3%,,,-0.5,-4.7,81,82,58,16,162,6,688,45,108,greenja05
187,Javonte Green,SF,30,CHI,9,230,,3%,78%,19%,,6.6,8.5,2,3,12,0,7,0,12,3,4,greenja02
188,Jeff Green,PF,37,HOU,78,1307,,,9%,69%,23%,-1.9,-4.6,10,8,63,20,74,4,171,16,16,greenje02
189,Josh Green,SG,23,DAL,57,1505,1%,37%,60%,2%,,-2.1,-6.9,32,15,45,12,22,29,320,6,30,greenjo02
190,AJ Griffin,SF,20,ATL,20,171,,5%,58%,36%,1%,-13.7,-12.0,4,3,3,0,1,0,13,0,3,griffaj01
191,Quentin Grimes,SG,23,TOT,51,1025,,82%,17%,1%,,-0.8,-4.9,14,9,43,0,22,3,164,5,15,grimequ01
192,Mouhamadou Gueye,PF,25,TOR,11,120,,,,10%,91%,-31.7,-26.1,7,2,13,1,2,1,14,1,6,gueyemo01
193,Mouhamed Gueye,PF,21,ATL,6,73,,,,60%,40%,-28.8,-27.1,1,0,6,0,2,0,10,0,3,gueyemo02
194,Rui Hachimura,PF,25,LAL,68,1826,,,46%,49%,5%,3.3,5.3,13,19,53,9,65,5,209,13,42,hachiru01
195,Ashton Hagans,PG,24,POR,19,316,100%,,,,,-3.1,6.8,19,6,23,2,7,1,126,1,9,haganas01
196,Tyrese Haliburton,PG,23,IND,69,2224,90%,10%,,,,5.5,5.7,121,19,49,5,97,7,1782,42,57,halibty01
197,R.J. Hampton,PG,22,MIA,8,76,91%,9%,,,,9.2,7.4,3,0,6,0,1,0,20,0,1,hamptrj01
198,Tim Hardaway Jr.,SF,31,DAL,79,2120,,13%,69%,18%,,-0.3,-5.4,33,24,46,6,69,35,336,21,33,hardati02
199,James Harden,PG,34,LAC,72,2470,72%,28%,,,,5.9,6.0,120,42,62,15,140,7,1429,33,42,hardeja01
200,Jaden Hardy,SG,21,DAL,73,989,13%,69%,18%,,,-6.7,-11.8,32,19,44,8,35,12,261,7,28,hardyja02
201,Ron Harper Jr.,PF,23,TOR,1,4,,,,100%,,-112.5,-106.2,0,0,1,0,0,0,2,0,0,harpero02
202,Gary Harris,SG,29,ORL,54,1297,39%,59%,2%,,,2.7,1.4,18,4,44,2,12,8,203,3,8,harriga01
203,Joe Harris,SG,32,DET,16,170,,1%,53%,47%,,-13.8,-5.1,3,0,9,1,1,2,24,0,4,harrijo01
204,Kevon Harris,SG,26,ORL,2,6,,47%,53%,,,11.0,9.2,1,0,2,0,0,0,3,0,0,harrike01
205,Tobias Harris,PF,31,PHI,70,2368,,,33%,63%,4%,4.3,3.2,36,28,69,14,107,6,534,27,76,harrito02
206,Shaquille Harrison,SG,30,MEM,3,6,66%,34%,,,,-91.7,-84.5,0,0,0,0,0,0,0,0,0,harrish01
207,Josh Hart,SF,28,NYK,81,2707,,3%,69%,28%,,6.5,5.5,71,28,86,10,53,9,824,15,55,hartjo01
208,Isaiah Hartenstein,C,25,NYK,75,1896,,,,,100%,10.4,11.0,54,12,111,22,79,3,446,29,29,harteis01
209,Sam Hauser,SF,26,BOS,79,1741,,12%,54%,33%,1%,13.4,3.9,17,8,56,3,4,5,211,0,11,hausesa01
210,Jordan Hawkins,SG,21,NOP,67,1160,17%,62%,20%,1%,,-0.7,-7.6,14,17,41,3,26,6,167,1,17,hawkijo01
211,Jaxson Hayes,C,23,LAL,70,877,,,,3%,98%,-4.5,-6.3,11,5,78,23,38,2,79,13,16,hayesja02
212,Killian Hayes,PG,22,DET,42,1008,81%,19%,,,,-10.7,-2.5,29,10,33,5,17,8,490,7,12,hayeski01
213,Gordon Hayward,SF,33,TOT,51,1245,,45%,37%,18%,1%,-5.3,-1.3,28,25,31,6,63,1,375,16,18,haywago01
214,Scoot Henderson,PG,19,POR,62,1765,99%,1%,,,,-13.9,-8.2,123,49,85,22,93,21,823,16,50,hendesc01
215,Taylor Hendricks,PF,20,UTA,40,856,,,,,,-7.7,-3.6,8,7,52,3,14,1,74,4,12,hendrita01
216,Tyler Herro,SG,24,MIA,42,1407,51%,48%,1%,,,0.6,-2.2,54,29,31,4,48,1,451,11,43,herroty01
217,Buddy Hield,SF-SG,31,TOT,84,2160,,62%,38%,,,0.7,-3.0,63,29,95,4,16,1,553,3,33,hieldbu01
218,Haywood Highsmith,PF,27,MIA,66,1366,,2%,55%,43%,,1.4,-1.0,20,4,68,5,13,5,175,4,14,highsha01
219,Nate Hinton,SG,24,HOU,15,75,24%,63%,13%,,,9.3,8.3,3,0,5,0,3,1,21,1,2,hintona01
220,D'Moi Hodge,SG,25,LAL,7,41,100%,,,,,-41.1,-41.9,1,0,2,0,1,0,10,0,0,hodgedm01
221,Aaron Holiday,PG,27,HOU,78,1269,100%,,,,,4.2,4.4,28,14,59,3,22,14,350,5,20,holidaa01
222,Jrue Holiday,PG,33,BOS,69,2263,69%,31%,,,,9.5,-4.1,70,37,56,4,29,21,822,7,28,holidjr01
223,Justin Holiday,SG,34,DEN,58,862,9%,89%,3%,,,3.1,-3.2,10,3,45,1,2,2,156,0,4,holidju01
224,Richaun Holmes,C-PF,30,TOT,40,555,,,,3%,97%,-7.8,-3.6,5,6,36,10,19,4,61,5,18,holmeri01
225,Chet Holmgren,C,21,OKC,82,2413,,,,,100%,8.8,2.2,39,59,126,20,135,12,474,30,65,holmgch01
226,Jalen Hood-Schifino,SG,20,LAL,21,109,2%,70%,28%,,,-23.7,-24.8,6,3,7,0,8,0,19,0,5,hoodsja01
227,Al Horford,C,37,BOS,65,1740,,,,51%,49%,11.4,0.3,20,11,54,13,9,1,426,2,11,horfoal01
228,Talen Horton-Tucker,PG,23,UTA,51,1009,52%,32%,16%,1%,,-4.3,0.7,34,21,44,7,60,3,440,15,27,hortota01
229,Danuel House Jr.,SF,30,PHI,34,509,,39%,48%,12%,1%,1.8,-1.4,11,3,30,1,26,3,65,8,7,houseda01
230,Caleb Houstan,SF,21,ORL,59,815,,28%,64%,7%,,-1.9,-4.7,8,3,30,1,8,1,79,1,1,houstca01
231,Jett Howard,SF,20,ORL,18,67,,,21%,74%,5%,1.4,-0.3,2,1,1,0,1,0,16,0,0,howarje01
232,Kevin Huerter,SG,25,SAC,64,1562,,72%,28%,1%,,1.5,0.3,30,10,66,5,21,5,392,3,15,huertke01
233,Jay Huff,C,25,DEN,20,49,,,,,100%,-7.7,-13.4,0,0,5,1,1,0,5,0,0,huffja01
234,De'Andre Hunter,SF,26,ATL,57,1681,,,33%,67%,,-1.5,1.2,25,30,63,13,93,29,213,28,29,huntede01
235,Matthew Hurt,PF,23,MEM,8,113,,,10%,43%,47%,-8.1,-0.9,1,0,6,1,1,0,10,0,1,hurtma01
236,Bones Hyland,PG,23,LAC,37,540,100%,,,,,-7.1,-12.4,21,13,14,5,9,0,214,1,20,hylanbo01
237,Joe Ingles,SF,36,ORL,68,1169,,18%,76%,6%,,5.5,5.2,43,14,32,9,6,4,447,1,5,inglejo01
238,Brandon Ingram,SF,26,NOP,64,2103,3%,68%,26%,3%,,3.8,-1.9,69,52,73,27,129,5,874,25,47,ingrabr01
239,Kyrie Irving,SG,31,DAL,58,2030,23%,68%,10%,,,6.0,7.9,52,38,57,6,85,12,719,26,39,irvinky01
240,Jonathan Isaac,PF,26,ORL,58,914,,,13%,87%,,11.6,12.7,7,10,37,2,39,5,68,11,16,isaacjo01
241,Jaden Ivey,SG,21,DET,77,2217,4%,88%,8%,,,-7.8,2.4,97,59,95,15,154,11,705,33,88,iveyja01
242,Andre Jackson Jr.,SG,22,MIL,57,572,10%,59%,30%,1%,,-6.5,-10.8,17,5,36,4,5,3,126,0,3,jacksan01
243,GG Jackson II,PF,19,MEM,48,1233,,1%,27%,56%,16%,-8.2,-1.4,19,25,37,4,72,2,140,11,40,jacksgg01
244,Isaiah Jackson,C,22,IND,59,771,,,,6%,94%,2.2,-1.0,12,3,71,19,49,4,111,13,22,jacksis01
245,Jaren Jackson Jr.,C,24,MEM,66,2124,,,,2%,99%,-8.2,-2.0,34,71,108,46,196,31,406,50,122,jacksja02
246,Justin Jackson,SF,28,MIN,2,1,,,,100%,,,,0,0,0,0,0,0,0,0,0,jacksju01
247,Quenton Jackson,PG,25,IND,3,11,100%,,,,,3.8,0.8,0,0,0,0,1,0,5,0,0,jacksqu01
248,Reggie Jackson,PG,33,DEN,82,1817,100%,,,,,1.3,-7.9,61,19,69,17,36,13,720,8,33,jacksre01
249,Trayce Jackson-Davis,PF,23,GSW,68,1130,,,,21%,79%,2.0,-1.0,23,10,76,14,73,1,204,22,39,jackstr02
250,LeBron James,PF,39,LAL,71,2504,,,1%,86%,13%,4.1,9.9,160,59,35,14,217,12,1364,74,59,jamesle01
251,Jaime Jaquez Jr.,SF,22,MIA,75,2113,4%,37%,51%,9%,,3.4,3.0,61,29,100,7,86,7,469,20,63,jaqueja01
252,DeJon Jarreau,SG,26,MEM,9,150,83%,17%,,,,-5.7,1.7,7,1,4,0,5,1,60,1,1,jarrede01
253,DaQuan Jeffries,SG,26,NYK,17,46,,18%,60%,23%,,-6.7,-11.5,2,1,2,0,0,0,11,0,1,jeffrda01
254,Trey Jemison,C,24,TOT,25,573,,,,,100%,-9.2,-2.2,11,11,42,9,14,2,64,3,16,jemistr01
255,Ty Jerome,SG,26,CLE,2,15,38%,62%,,,,-38.0,-40.9,1,0,2,0,0,0,7,0,0,jeromty01
256,Isaiah Joe,SG,24,OKC,78,1445,20%,77%,2%,,,8.7,1.1,26,11,45,3,19,34,245,6,15,joeis01
257,Cameron Johnson,PF,27,BRK,58,1599,,2%,11%,76%,11%,-4.9,-3.2,39,12,52,4,50,6,348,13,34,johnsca02
258,Jalen Johnson,SF,22,ATL,56,1889,,,,94%,5%,-1.3,1.9,56,19,75,11,77,10,486,23,51,johnsja05
259,James Johnson,PF,36,IND,9,47,,,34%,53%,13%,3.9,0.9,4,0,4,1,1,0,19,0,2,johnsja01
260,Keldon Johnson,SF,24,SAS,69,2038,4%,31%,63%,3%,,-8.2,-3.8,51,34,72,9,113,10,464,28,56,johnske04
261,Keon Johnson,SG,21,BRK,5,61,23%,77%,,,,-18.0,-15.2,4,0,3,0,4,0,8,0,1,johnske07
262,Keyontae Johnson,SF,23,OKC,9,66,,24%,56%,20%,,-8.5,-16.7,3,0,4,0,0,0,8,0,2,johnske08
263,Nikola Jokić,C,28,DEN,79,2737,,,,,100%,11.6,20.0,143,66,97,21,181,5,1662,59,68,jokicni01
264,Colby Jones,SG,21,SAC,30,192,6%,71%,23%,,,3.0,1.7,6,2,16,0,5,1,47,1,4,jonesco02
265,Damian Jones,C,28,CLE,39,270,,,,,100%,-18.4,-22.6,4,2,14,5,14,0,40,7,3,jonesda03
266,Derrick Jones Jr.,SF,26,DAL,76,1783,,,50%,49%,1%,1.8,-0.6,22,26,68,7,73,21,190,19,24,jonesde02
267,Herbert Jones,SF,25,NOP,76,2321,,,54%,45%,1%,5.8,2.9,40,25,112,16,68,20,469,11,42,joneshe01
268,Mason Jones,SG,25,SAC,5,28,96%,4%,,,,-5.6,-7.0,2,0,1,0,1,0,12,0,1,jonesma05
269,Tre Jones,PG,24,SAS,77,2138,100%,,,,,-0.5,12.6,86,20,37,4,38,35,1164,7,30,jonestr01
270,Tyus Jones,PG,27,WAS,66,1933,100%,,,,,-12.4,-6.1,55,8,19,2,19,12,1155,6,23,jonesty01
271,DeAndre Jordan,C,35,DEN,36,396,,,,,100%,-9.1,-16.2,7,3,32,11,24,1,58,7,11,jordade01
272,Cory Joseph,PG,32,GSW,26,296,85%,15%,1%,,,-0.4,-3.4,6,2,15,1,1,3,109,0,2,josepco01
273,Nikola Jović,PF,20,MIA,46,896,,,,81%,19%,8.3,8.1,26,8,39,5,22,6,223,4,8,jovicni01
274,Johnny Juzang,SG,22,UTA,20,372,,14%,60%,26%,,-2.6,2.5,5,4,17,2,7,2,55,1,4,juzanjo01
275,Luke Kennard,SG,27,MEM,39,999,12%,72%,16%,,,-10.0,-3.6,37,11,24,1,9,2,324,2,11,kennalu01
276,Walker Kessler,C,22,UTA,64,1493,,,,,100%,-4.5,0.6,19,18,79,23,43,5,156,11,32,kesslwa01
277,Braxton Key,SF,26,DEN,20,60,,,34%,65%,2%,-8.9,-14.7,1,0,3,0,4,0,21,2,2,keybr01
278,Corey Kispert,SF,24,WAS,80,2067,,19%,65%,16%,,-10.9,-3.4,28,40,83,12,75,6,371,26,48,kispeco01
279,Maxi Kleber,C,32,DAL,43,871,,,,27%,73%,6.8,5.9,13,7,46,7,16,13,171,3,4,klebima01
280,Kevin Knox,SF,24,DET,31,560,,7%,79%,14%,,-7.2,1.9,11,4,31,1,13,2,54,5,12,knoxke01
281,John Konchar,SF,27,MEM,55,1173,6%,43%,49%,3%,,-6.0,1.9,29,12,45,1,9,7,277,3,13,konchjo01
282,Furkan Korkmaz,SG,26,PHI,35,300,13%,48%,30%,8%,,6.0,3.3,5,3,13,1,10,2,57,6,2,korkmfu01
283,Luke Kornet,C,28,BOS,63,983,,,,,100%,11.2,-0.1,11,5,54,5,26,2,174,6,12,kornelu01
284,Vit Krejci,PG,23,ATL,22,541,96%,4%,,,,-1.7,0.6,12,6,27,1,3,3,127,1,7,krejcvi01
285,Jonathan Kuminga,PF,21,GSW,74,1949,,,2%,65%,34%,4.2,3.0,49,37,64,17,160,12,414,38,73,kuminjo01
286,Kyle Kuzma,PF,28,WAS,70,2281,,,,81%,19%,-11.2,-4.7,77,63,86,24,124,10,702,36,52,kuzmaky01
287,Jock Landale,C,28,HOU,56,763,,,,3%,97%,9.6,10.5,8,7,39,11,31,3,156,7,22,landajo01
288,Jake LaRavia,PF,22,MEM,35,806,,8%,51%,36%,6%,-6.9,0.5,21,14,40,6,47,1,136,7,23,laravja01
289,Zach LaVine,SG,28,CHI,25,872,,41%,57%,2%,,-5.2,-4.9,21,19,24,6,45,2,237,11,20,lavinza01
290,A.J. Lawson,SG,23,DAL,42,311,6%,41%,51%,3%,,2.7,0.6,7,2,16,1,12,0,51,2,8,lawsoaj01
291,Saben Lee,PG,24,PHO,24,185,97%,3%,,,,5.2,2.1,4,0,7,1,19,2,70,1,7,leesa01
292,Alex Len,C,30,SAC,48,444,,,,,100%,14.4,14.7,5,6,37,14,16,1,126,4,10,lenal01
293,Kawhi Leonard,SF,32,LAC,68,2330,,5%,62%,32%,2%,8.5,11.9,53,38,44,12,122,9,607,44,30,leonaka01
294,Caris LeVert,SG,29,CLE,68,1958,6%,67%,27%,,,3.0,0.7,63,34,64,6,92,13,843,13,48,leverca01
295,Kira Lewis Jr.,PG,22,TOT,28,265,81%,19%,,,,-13.3,-14.0,9,1,7,1,12,1,91,4,5,lewiski01
296,Maxwell Lewis,SF,21,LAL,34,103,,20%,72%,8%,1%,-37.5,-39.0,4,4,4,0,1,0,12,0,3,lewisma05
297,E.J. Liddell,PF,23,NOP,8,23,,,39%,48%,14%,-8.3,-13.1,1,0,2,0,0,0,2,0,0,liddeej01
298,Damian Lillard,PG,33,MIL,73,2579,91%,9%,,,,7.0,12.3,138,39,58,7,185,14,1223,35,85,lillada01
299,Nassir Little,SF,23,PHO,45,458,1%,17%,65%,17%,1%,-6.8,-11.3,9,3,26,1,7,2,54,3,6,littlna01
300,Dereck Lively II,C,19,DAL,55,1294,,,,,100%,5.8,5.5,16,11,92,15,40,2,150,11,20,livelde01
301,Isaiah Livers,PF,25,DET,23,469,,,8%,90%,3%,-18.5,-11.0,6,4,34,1,7,0,60,1,8,liveris01
302,Chris Livingston,SF,20,MIL,21,90,,13%,35%,48%,4%,-11.5,-14.6,1,3,10,1,2,0,11,0,3,livinch01
303,Kenneth Lofton Jr.,PF,21,TOT,21,199,,,,57%,43%,-1.5,4.4,4,5,12,5,15,1,81,6,7,loftoke01
304,Kevon Looney,C,27,GSW,74,1195,,,,14%,86%,2.3,-0.7,17,15,82,15,41,1,330,11,24,looneke01
305,Brook Lopez,C,35,MIL,79,2411,,,,,100%,5.2,6.3,22,19,113,32,66,3,306,20,22,lopezbr01
306,Robin Lopez,C,35,MIL,16,65,,,,,100%,-17.6,-20.7,0,2,7,0,1,0,10,0,1,lopezro01
307,Kevin Love,PF,35,MIA,55,924,,,,33%,67%,6.9,6.4,34,6,56,2,38,15,260,7,9,loveke01
308,Kyle Lowry,PG,37,TOT,60,1690,100%,,,,,-0.1,-3.1,57,14,77,5,27,30,604,5,17,lowryky01
309,Seth Lundy,SF,23,ATL,9,52,,,83%,16%,,-8.0,-5.9,0,1,3,0,2,0,0,0,2,lundyse01
310,Trey Lyles,PF,28,SAC,58,1158,,,,82%,17%,7.0,8.0,22,9,46,5,34,8,178,12,15,lylestr01
311,Théo Maledon,PG,22,TOT,17,213,89%,11%,,,,-14.8,-5.2,11,3,13,1,8,5,66,3,7,maledth01
312,Sandro Mamukelashvili,C,24,SAS,46,451,,,,54%,46%,4.9,12.7,9,6,17,2,17,1,116,2,11,mamuksa01
313,Terance Mann,SG,27,LAC,75,1873,2%,70%,27%,2%,,2.5,-2.1,17,22,53,9,47,7,286,11,29,mannte01
314,Tre Mann,PG,22,TOT,41,987,100%,,,,,-6.1,3.2,39,19,25,3,28,9,401,11,17,manntr01
315,Boban Marjanović,C,35,HOU,14,71,,,,,100%,-10.3,-11.7,5,0,5,0,8,0,14,4,3,marjabo01
316,Lauri Markkanen,PF,26,UTA,55,1820,,,3%,54%,44%,0.3,9.6,30,23,60,15,102,9,275,17,45,markkla01
317,Naji Marshall,SF,26,NOP,66,1257,1%,26%,53%,20%,,9.3,6.8,36,14,46,4,41,4,304,8,21,marshna01
318,Caleb Martin,SF,28,MIA,64,1756,11%,66%,23%,1%,,2.7,1.2,36,21,58,7,50,21,359,15,40,martica02
319,Cody Martin,SF,28,CHO,28,753,13%,63%,24%,,,-9.5,1.4,26,15,30,0,17,8,249,4,19,martico01
320,KJ Martin,SF,23,TOT,60,746,,16%,60%,21%,3%,-0.1,-3.7,7,9,38,12,22,2,129,7,29,martike04
321,Garrison Mathews,SG,27,ATL,66,992,,64%,36%,1%,,-4.2,-2.6,8,6,74,0,19,38,92,6,5,mathega01
322,Bennedict Mathurin,SF,21,IND,59,1538,,4%,70%,26%,,-2.3,-8.7,43,26,64,14,113,9,290,27,74,mathube01
323,Wesley Matthews,SG,37,ATL,36,413,,2%,72%,26%,,-6.4,-4.6,3,3,23,2,8,6,56,1,6,matthwe02
324,Tyrese Maxey,PG,23,PHI,70,2626,60%,39%,1%,,,4.7,5.0,60,35,67,9,173,11,1045,54,90,maxeyty01
325,Skylar Mays,PG-SG,26,TOT,38,433,86%,14%,,,,-13.7,-6.5,13,4,14,0,7,3,204,2,10,mayssk01
326,Miles McBride,PG,23,NYK,68,1328,62%,39%,,,,0.2,-6.8,21,4,52,1,19,19,288,5,21,mcbrimi01
327,CJ McCollum,PG,32,NOP,66,2159,88%,12%,,,,3.6,-2.3,61,30,68,6,65,6,705,14,41,mccolcj01
328,T.J. McConnell,PG,31,IND,71,1291,100%,,,,,4.6,2.3,61,28,42,3,33,36,935,12,39,mccontj01
329,Jaden McDaniels,SF,23,MIN,72,2105,,7%,84%,9%,,3.9,-5.6,38,28,109,3,40,13,244,14,28,mcdanja02
330,Jalen McDaniels,SF,26,TOR,50,538,,2%,19%,66%,12%,-14.4,-9.2,14,11,25,3,19,2,90,5,18,mcdanja01
331,Doug McDermott,SF,32,TOT,64,904,1%,21%,71%,6%,,-9.1,-5.8,18,2,37,3,8,0,168,1,6,mcderdo01
332,JaVale McGee,C,36,SAC,46,339,,,,,100%,-2.2,-3.9,12,7,17,12,25,1,40,7,5,mcgeeja01
333,Bryce McGowens,SG,21,CHO,59,882,5%,61%,34%,1%,,-13.3,-3.5,15,5,38,3,45,10,124,9,16,mcgowbr01
334,Jordan McLaughlin,PG,27,MIN,56,626,66%,34%,,,,12.6,7.2,13,4,16,2,4,11,267,0,5,mclaujo01
335,De'Anthony Melton,SG,25,PHI,38,1023,5%,90%,6%,,,9.6,9.0,21,8,33,3,30,2,261,7,22,meltode01
336,Nathan Mensah,C,25,CHO,25,307,,,,,100%,-21.8,-12.1,0,3,39,10,5,10,22,0,2,mensana01
337,Sam Merrill,SG,27,CLE,61,1069,18%,79%,4%,,,-0.6,-4.4,10,2,32,3,8,20,263,2,13,merrisa01
338,Chimezie Metu,C,26,TOT,51,859,,,,65%,35%,-5.0,-2.8,20,23,44,4,35,3,111,6,16,metuch01
339,Vasilije Micić,PG,30,TOT,60,1176,65%,35%,,,,-3.4,1.6,63,21,32,2,33,6,637,7,33,micicva01
340,Khris Middleton,SF,32,MIL,55,1487,,3%,89%,9%,,3.9,1.8,72,44,67,6,48,11,666,9,26,middlkh01
341,Brandon Miller,SF,21,CHO,74,2383,,9%,42%,50%,,-10.8,-0.5,70,24,105,20,85,21,430,26,45,millebr02
342,Jordan Miller,SF,24,LAC,8,28,14%,18%,51%,18%,,-22.4,-26.2,1,0,2,0,1,0,0,0,2,millejo02
343,Leonard Miller,SF,20,MIN,17,52,,,,52%,48%,6.1,-0.4,0,1,2,0,1,0,19,0,1,millele01
344,Dariq Whitehead,SF,19,BRK,2,24,,12%,88%,,,-51.8,-49.2,0,0,0,0,1,0,7,0,1,whiteda01
345,Patty Mills,PG,35,TOT,32,415,62%,38%,,,,1.1,1.2,11,3,14,2,3,7,86,1,4,millspa02
346,Shake Milton,SG,27,TOT,48,581,21%,71%,8%,,,-4.2,-10.2,20,7,36,2,23,7,139,6,17,miltosh01
347,Justin Minaya,SF,24,POR,34,381,1%,29%,60%,11%,,-9.8,-0.4,3,2,18,1,3,4,50,1,5,minayju01
348,Josh Minott,SF,21,MIN,32,91,,9%,33%,45%,14%,8.9,2.4,0,1,6,0,7,0,17,3,3,minotjo01
349,Davion Mitchell,PG,25,SAC,72,1101,75%,25%,,,,-2.1,-4.6,20,16,41,0,18,17,330,6,10,mitchda01
350,Donovan Mitchell,SG,27,CLE,55,1942,58%,42%,,,,7.2,9.0,87,52,55,6,122,4,808,26,54,mitchdo01
351,Evan Mobley,PF,22,CLE,50,1532,,,,54%,47%,1.4,-2.1,28,34,98,9,84,3,389,21,39,mobleev01
352,Isaiah Mobley,PF,24,CLE,10,72,,11%,22%,67%,,-21.7,-24.8,0,1,4,1,1,0,17,1,2,mobleis01
353,Malik Monk,SG,25,SAC,72,1872,16%,80%,4%,,,-1.6,-5.4,104,31,82,6,77,12,870,14,55,monkma01
354,Moses Moody,SG,21,GSW,66,1156,,31%,62%,7%,,3.3,0.7,20,13,42,6,48,13,141,13,30,moodymo01
355,Xavier Moon,SG,29,LAC,14,119,68%,32%,,,,-17.5,-21.8,4,1,6,0,0,0,49,0,0,moonxa01
356,Taze Moore,SG,25,POR,4,40,36%,64%,,,,-21.1,-11.8,2,1,2,0,1,1,13,0,0,mooreta02
357,Wendell Moore Jr.,SG,22,MIN,25,75,13%,49%,33%,5%,,-1.6,-8.3,1,2,2,0,0,0,14,0,0,moorewe01
358,Ja Morant,PG,24,MEM,9,318,100%,,,,,0.3,8.3,16,10,7,1,29,5,172,7,16,moranja01
359,Marcus Morris,PF,34,TOT,49,817,,,38%,58%,4%,-5.1,-9.0,15,4,43,6,18,0,82,4,6,morrima03
360,Markieff Morris,PF,34,DAL,26,216,,,,43%,57%,-14.4,-17.5,6,4,6,1,3,0,39,0,2,morrima02
361,Monte Morris,PG,28,TOT,33,476,73%,26%,1%,,,8.8,4.8,6,1,7,0,7,4,174,2,6,morrimo01
362,Trey Murphy III,SF,23,NOP,57,1690,,22%,52%,26%,,7.3,4.6,18,11,42,2,57,8,304,12,16,murphtr02
363,Dejounte Murray,SG,27,ATL,78,2783,38%,62%,,,,-3.2,-3.1,117,59,57,14,116,8,1221,29,69,murrade01
364,Jamal Murray,PG,26,DEN,59,1861,83%,17%,,,,8.6,5.7,86,33,71,4,65,7,875,16,51,murraja01
365,Keegan Murray,SF,23,SAC,77,2588,,2%,83%,15%,,2.2,2.6,31,21,113,7,56,18,319,11,40,murrake02
366,Kris Murray,SF,23,POR,62,1348,,9%,64%,26%,1%,-6.3,4.6,34,14,50,4,31,5,200,10,26,murrakr01
367,Mike Muscala,C,32,TOT,53,600,,,,14%,86%,-7.4,-1.1,11,6,32,3,9,4,93,2,10,muscami01
368,Svi Mykhailiuk,SF,26,BOS,41,413,,48%,50%,2%,,16.9,6.3,11,0,15,1,4,4,81,1,4,mykhasv01
369,Larry Nance Jr.,C,31,NOP,61,1216,,,,1%,99%,3.5,-1.6,25,9,44,11,28,15,272,7,15,nancela02
370,Pete Nance,PF,23,CLE,8,27,,,40%,59%,1%,-46.9,-49.9,0,0,2,0,0,0,0,0,0,nancepe01
371,Andrew Nembhard,PG,24,IND,68,1697,31%,68%,,,,2.1,-1.5,50,29,66,8,28,18,669,6,21,nembhan01
372,Aaron Nesmith,SF,24,IND,72,1995,,12%,75%,13%,,3.6,1.2,31,11,142,13,63,39,251,22,51,nesmiaa01
373,Georges Niang,PF,30,CLE,82,1831,,1%,20%,78%,1%,0.3,-4.4,34,20,114,8,28,9,245,6,16,niangge01
374,Daishen Nix,PG,21,MIN,15,50,64%,21%,15%,,,27.3,21.1,2,3,1,0,1,0,15,0,3,nixda01
375,Zeke Nnaji,PF,23,DEN,58,576,,,,9%,91%,-12.7,-21.4,6,7,47,13,26,0,78,6,23,nnajize01
376,Jaylen Nowell,SG,24,TOT,13,214,63%,29%,8%,,,-8.5,-0.7,6,0,8,0,5,1,52,1,2,nowelja01
377,Markquis Nowell,SG,24,TOR,1,4,100%,,,,,57.1,63.6,0,0,0,0,1,0,5,0,1,nowelma01
378,Frank Ntilikina,PG,25,CHO,5,43,14%,86%,,,,-7.0,3.6,0,1,2,0,1,0,10,0,0,ntilila01
379,Jusuf Nurkić,C,29,PHO,76,2078,,,,,100%,9.3,12.8,76,47,126,42,120,1,690,27,58,nurkiju01
380,Jordan Nwora,SF,25,TOT,52,712,,2%,41%,54%,4%,-13.6,-10.9,29,12,26,3,27,2,139,9,18,nworajo01
381,Royce O'Neale,SF,30,TOT,79,1954,2%,20%,56%,22%,1%,3.0,4.7,43,17,105,10,14,12,519,0,16,onealro01
382,Chuma Okeke,SF,25,ORL,47,432,1%,61%,34%,5%,,-8.8,-11.9,8,3,8,1,3,0,52,1,2,okekech01
383,Josh Okogie,SG,25,PHO,60,960,1%,23%,71%,6%,,0.9,-3.1,22,7,28,3,49,27,154,13,18,okogijo01
384,Onyeka Okongwu,C,23,ATL,55,1405,,,,9%,91%,-1.4,1.3,13,11,110,13,62,0,177,14,27,okongon01
385,Isaac Okoro,SF,23,CLE,69,1887,1%,5%,78%,16%,,3.6,1.9,19,20,62,10,73,15,313,21,37,okorois01
386,Kelly Olynyk,C,32,TOT,78,1759,,,,23%,77%,-7.8,-2.7,82,33,109,18,75,23,786,19,22,olynyke01
387,Eugene Omoruyi,SF,26,WAS,43,393,,,22%,66%,12%,-15.6,-7.1,10,4,29,5,27,9,76,7,17,omorueu01
388,Cedi Osman,SF,28,SAS,72,1269,,4%,41%,56%,,-12.6,-9.2,23,15,53,6,25,18,280,10,18,osmande01
389,Kelly Oubre Jr.,SF,28,PHI,68,2055,,21%,57%,20%,2%,-0.1,-6.5,33,25,86,16,120,17,248,29,89,oubreke01
390,Chris Paul,PG,38,GSW,58,1531,100%,,,,,3.4,1.2,51,14,46,2,11,6,949,4,12,paulch01
391,Cameron Payne,PG,29,TOT,78,1304,80%,20%,,,,-0.4,-3.9,42,11,62,0,31,17,487,6,24,payneca01
392,Gary Payton II,SG,31,GSW,44,680,8%,78%,15%,,,7.5,5.7,12,6,39,6,11,2,119,3,12,paytoga02
393,Mãozinha Pereira,SF,23,MEM,7,122,,27%,55%,18%,,2.4,10.0,1,4,7,0,6,0,6,2,2,pereima01
394,Drew Peterson,PF,24,BOS,3,23,,,17%,72%,12%,22.1,10.9,0,1,1,0,0,0,2,0,0,peterdr01
395,Filip Petrušev,C,23,TOT,3,10,,,,17%,83%,26.2,24.4,0,0,0,0,1,0,0,0,0,petrufi01
396,Julian Phillips,SF,20,CHI,40,323,,1%,41%,57%,,-2.5,-1.2,3,3,29,0,12,3,30,5,7,phillju01
397,Jalen Pickett,SG,24,DEN,27,122,85%,15%,,,,-2.3,-8.1,5,1,9,0,1,1,52,0,1,pickeja02
398,Scotty Pippen Jr.,PG,23,MEM,21,527,81%,19%,,,,-7.5,-0.3,33,14,25,3,25,13,246,4,12,pippesc02
399,Mason Plumlee,C,33,LAC,46,674,,,,,100%,0.0,-4.3,18,13,38,4,50,6,127,9,14,plumlma01
400,Brandin Podziemski,SG,20,GSW,74,1968,13%,75%,13%,,,7.2,8.7,54,19,60,6,37,41,660,13,35,podzibr01
401,Jakob Poeltl,C,28,TOR,50,1319,,,,,100%,-0.5,9.0,28,17,84,22,53,3,281,17,37,poeltja01
402,Aleksej Pokusevski,PF,22,TOT,28,405,,,,42%,58%,-8.7,-0.4,12,3,10,1,21,2,87,3,4,pokusal01
403,Jordan Poole,SG,24,WAS,78,2346,27%,68%,5%,,,-11.5,-5.4,85,57,106,15,95,14,811,28,75,poolejo01
404,Craig Porter Jr.,PG,23,CLE,51,649,87%,13%,,,,-1.8,-5.3,31,8,30,1,28,1,291,8,16,portecr01
405,Jontay Porter,PF,24,TOR,26,360,,,,3%,97%,-9.4,-3.2,16,2,17,3,7,1,140,0,3,portejo01
406,Michael Porter Jr.,SF,25,DEN,81,2565,,,70%,30%,,8.3,8.0,38,29,88,9,52,1,280,16,39,portemi01
407,Otto Porter Jr.,SF,30,TOR,15,174,,12%,63%,22%,2%,4.2,11.1,1,0,11,1,2,0,18,1,2,porteot01
408,Bobby Portis,PF,28,MIL,82,2008,,,2%,83%,16%,0.4,-4.8,17,35,95,22,56,4,263,14,33,portibo01
409,Kristaps Porziņģis,C,28,BOS,57,1690,,,,5%,95%,10.6,-1.2,36,23,89,23,127,7,281,27,18,porzikr01
410,Micah Potter,PF,25,UTA,16,186,,,3%,62%,35%,-7.8,-3.1,3,0,7,2,4,0,13,2,1,pottemi01
411,Dwight Powell,C,32,DAL,63,836,,,,,100%,0.2,-2.5,10,10,73,9,37,5,206,8,12,poweldw01
412,Norman Powell,SG,30,LAC,76,1990,3%,72%,24%,,,5.1,3.0,29,18,73,5,79,8,194,16,37,powelno01
413,Jason Preston,PG,24,UTA,7,71,70%,30%,,,,13.3,18.5,2,0,2,0,0,0,40,0,2,prestja01
414,Joshua Primo,SG,21,LAC,2,10,,100%,,,,-9.5,-13.2,3,1,0,0,0,0,0,0,1,primojo01
415,Taurean Prince,PF,29,LAL,78,2108,1%,20%,70%,9%,,-2.7,-6.7,42,18,84,3,30,21,277,9,28,princta02
416,Payton Pritchard,PG,26,BOS,82,1825,100%,,,,,11.9,1.3,31,12,37,5,23,7,696,4,27,pritcpa01
417,Olivier-Maxence Prosper,PF,21,DAL,40,336,,,10%,78%,12%,-12.2,-15.7,3,3,12,1,19,3,56,3,6,prospol01
418,Trevelin Queen,SG,26,ORL,14,165,12%,59%,30%,,,0.6,-1.2,5,2,8,0,6,1,48,2,0,queentr01
419,Neemias Queta,C,24,BOS,28,333,,,,7%,93%,19.9,9.4,2,2,34,6,15,1,54,4,12,quetane01
420,Immanuel Quickley,PG-SG,24,TOT,68,1985,69%,31%,,,,-0.8,2.0,59,26,62,6,108,17,780,20,45,quickim01
421,Lester Quinones,SG,23,GSW,37,394,3%,68%,27%,3%,,1.7,-1.1,9,1,21,3,13,9,82,1,8,quinole01
422,Jahmi'us Ramsey,SG,22,TOR,7,121,27%,54%,19%,,,-9.8,-3.5,6,0,6,0,3,1,19,0,2,ramseja01
423,Julius Randle,PF,29,NYK,46,1630,,,,93%,7%,5.9,2.0,56,55,50,30,134,1,604,31,64,randlju01
424,Duop Reath,C,27,POR,68,1214,,,,4%,96%,-8.3,1.5,15,17,96,14,49,8,155,12,35,reathdu01
425,Austin Reaves,SG,25,LAL,82,2629,34%,60%,7%,,,-0.9,-4.0,105,50,86,11,98,34,1061,31,48,reaveau01
426,Cam Reddish,SF,24,LAL,48,984,3%,58%,36%,2%,,-3.2,-4.9,8,18,35,2,23,3,111,2,18,reddica01
427,Paul Reed,C,24,PHI,82,1590,,,,2%,98%,3.5,0.9,23,21,114,12,51,7,253,19,41,reedpa01
428,Naz Reid,C,24,MIN,81,1964,,,,47%,53%,5.9,-1.2,32,52,104,12,74,3,260,16,64,reidna01
429,Jared Rhoden,SG,24,DET,17,245,,16%,72%,12%,,-7.0,2.0,4,3,19,0,4,2,31,0,3,rhodeja01
430,Nick Richards,C,26,CHO,67,1759,,,,,100%,-12.3,-3.1,17,19,87,32,91,8,125,17,38,richani01
431,Josh Richardson,SG,30,MIA,43,1103,44%,51%,6%,,,-4.2,-8.7,23,1,35,5,16,6,249,4,9,richajo01
432,Duncan Robinson,SF,29,MIA,68,1905,,25%,53%,23%,,0.0,-3.9,53,18,91,6,29,8,443,5,25,robindu01
433,Jerome Robinson,SG,26,GSW,22,81,39%,62%,,,,15.7,13.2,1,0,3,0,4,1,11,1,0,robinje01
434,Mitchell Robinson,C,25,NYK,31,768,,,,,100%,0.9,-4.7,1,14,33,5,25,2,43,4,13,robinmi01
435,Orlando Robinson,C,23,MIA,36,304,,,,,100%,1.7,-0.4,9,2,22,5,11,0,84,3,7,robinor01
436,Jeremiah Robinson-Earl,PF,23,NOP,39,334,,,,55%,45%,-0.9,-6.1,9,6,12,0,9,2,49,2,3,robinje02
437,David Roddy,PF,22,TOT,65,1177,,5%,55%,39%,1%,-8.8,-2.7,20,28,37,3,37,5,201,8,33,roddyda01
438,Ryan Rollins,PG,21,TOT,13,78,100%,,,,,36.8,45.0,3,5,3,0,9,3,32,3,2,rolliry01
439,Derrick Rose,PG,35,MEM,24,399,99%,1%,,,,-3.9,3.8,24,4,11,1,15,8,187,3,15,rosede01
440,Terry Rozier,PG-SG,29,TOT,61,2040,82%,18%,,,,-6.8,-3.1,66,27,44,8,80,33,825,17,58,roziete01
441,Rayan Rupert,SG,19,POR,39,633,5%,51%,43%,,,-10.4,-1.2,14,11,38,3,11,3,154,1,21,ruperra01
442,D'Angelo Russell,PG,27,LAL,76,2484,100%,,,,,2.5,5.7,106,30,75,10,76,20,1111,17,35,russeda01
443,Matt Ryan,SF,26,NOP,28,390,10%,20%,60%,10%,,1.6,-3.4,8,4,17,2,5,1,42,2,1,ryanma01
444,Domantas Sabonis,C,27,SAC,82,2928,,,,,100%,0.7,-2.1,90,100,123,48,210,7,1679,56,86,sabondo01
445,Luka Šamanić,PF,24,UTA,43,404,,,6%,59%,35%,-6.1,-1.3,8,11,21,5,28,1,44,10,17,samanlu01
446,Jermaine Samuels,SF,25,HOU,14,60,,,56%,41%,2%,-10.2,-11.5,0,0,1,0,0,0,8,0,2,samueje01
447,Adama Sanogo,PF,21,CHI,9,66,,,,,100%,22.8,24.6,1,2,2,1,5,0,0,2,2,sanogad01
448,Gui Santos,PF,21,GSW,23,192,,,28%,64%,9%,4.4,1.7,5,1,18,0,8,0,32,1,4,santogu01
449,Dario Šarić,C,29,GSW,64,1098,,,,,100%,-1.1,-5.3,40,19,75,10,42,6,344,9,25,saricda01
450,Olivier Sarr,C,24,OKC,15,98,,,,,100%,1.1,-7.0,0,2,11,1,7,0,6,1,0,sarrol01
451,Marcus Sasser,PG,23,DET,71,1351,94%,6%,,,,-9.5,-0.9,48,28,57,3,25,12,573,5,24,sassema01
452,Admiral Schofield,PF,26,ORL,23,84,,,,52%,48%,-7.7,-9.7,1,2,5,2,1,2,17,0,3,schofad01
453,Dennis Schröder,PG,30,TOT,80,2486,100%,,,,,-3.2,3.6,95,38,56,10,77,25,1168,16,66,schrode01
454,Dereon Seabron,SG,23,NOP,6,55,,72%,24%,5%,,23.9,19.6,0,0,2,0,3,1,12,0,1,seabrde01
455,Alperen Sengun,C,21,HOU,63,2046,,,,,100%,0.4,-1.7,60,59,118,20,158,22,759,40,75,sengual01
456,Brice Sensabaugh,SF,20,UTA,32,584,,5%,48%,47%,,-13.8,-10.5,19,18,26,5,18,4,129,3,13,sensabr01
457,Collin Sexton,SG,25,UTA,78,2075,13%,62%,21%,4%,,-3.0,4.0,67,52,70,16,161,26,931,42,113,sextoco01
458,Landry Shamet,SG,26,WAS,46,726,36%,64%,1%,,,-9.4,-0.2,16,9,39,2,24,7,136,11,21,shamela01
459,Day'Ron Sharpe,C,22,BRK,61,921,,,,,100%,4.7,10.0,30,16,62,18,64,1,198,19,29,sharpda01
460,Shaedon Sharpe,SG,20,POR,32,1059,5%,77%,18%,,,-10.7,-1.8,39,20,28,9,52,9,232,12,33,sharpsh01
461,Ben Sheppard,SG,22,IND,57,814,10%,68%,23%,,,5.4,3.0,8,3,50,3,10,5,124,3,14,sheppbe01
462,Pascal Siakam,PF,29,TOT,80,2657,,,5%,87%,8%,1.7,5.3,57,40,70,25,209,8,843,65,47,siakapa01
463,Ben Simmons,PG,27,BRK,15,359,61%,38%,1%,,,-3.1,-0.2,17,4,15,4,5,3,217,1,3,simmobe01
464,Kobi Simmons,PG,26,TOR,4,67,86%,14%,,,,-24.6,-18.4,1,0,2,0,0,2,28,0,2,simmoko01
465,Anfernee Simons,SG,24,POR,46,1582,24%,69%,7%,,,-10.3,-1.6,64,42,56,9,74,4,595,15,51,simonan01
466,Zavier Simpson,PG,26,MEM,7,161,100%,,,,,-9.4,-2.2,8,2,8,0,2,0,63,0,7,simpsza01
467,Jericho Sims,C,25,NYK,45,585,,,,,100%,-0.8,-6.5,6,3,23,7,13,2,60,6,2,simsje01
468,Dmytro Skapintsev,C,25,NYK,2,2,,,,,100%,-25.0,-29.8,0,0,0,0,0,0,0,0,0,skapidm01
469,Jalen Slawson,SF,24,SAC,12,37,,10%,73%,17%,,-8.0,-9.4,1,0,4,1,0,0,5,0,0,slawsja01
470,Javonte Smart,PG,24,PHI,1,1,100%,,,,,-300.0,-303.0,0,0,0,0,0,0,0,0,0,smartja01
471,Marcus Smart,PG,29,MEM,20,605,66%,34%,,,,-1.2,7.2,34,12,16,8,16,12,210,5,5,smartma01
472,Dennis Smith Jr.,PG,26,BRK,56,1059,88%,12%,,,,0.7,5.0,36,15,57,9,25,6,491,6,24,smithde03
473,Dru Smith,SG,26,MIA,9,131,72%,28%,,,,-14.1,-16.7,5,0,6,0,1,3,33,0,1,smithdr01
474,Ish Smith,PG,35,CHO,43,741,100%,,,,,-18.4,-9.6,33,11,40,1,1,7,346,0,7,smithis01
475,Jabari Smith Jr.,PF,20,HOU,76,2424,,,,68%,32%,-2.1,-8.2,35,29,110,13,89,3,295,19,56,smithja05
476,Jalen Smith,C,23,IND,61,1047,,,,17%,83%,-0.1,-4.3,13,17,82,8,48,5,139,16,13,smithja04
477,Nick Smith Jr.,SG,19,CHO,51,729,39%,56%,5%,,,-14.0,-4.1,23,8,30,2,7,3,149,1,12,smithni01
478,Terquavion Smith,PG,21,PHI,16,84,99%,2%,,,,-5.0,-8.1,5,2,4,0,2,0,26,1,3,smithte01
479,Jeremy Sochan,PF,20,SAS,74,2193,,,13%,84%,3%,-7.4,-2.4,66,40,82,12,71,15,603,14,67,sochaje01
480,Pat Spencer,PG,27,GSW,6,26,100%,,,,,-13.8,-16.6,1,0,1,0,0,0,11,0,0,spencpa01
481,Jaden Springer,SG-PG,21,TOT,49,507,26%,63%,11%,,,-0.4,-6.2,11,10,34,7,19,10,104,2,16,sprinja01
482,Lamar Stevens,PF,26,TOT,38,559,,30%,31%,32%,7%,1.0,4.9,11,10,24,2,26,2,66,8,21,stevela01
483,Isaiah Stewart,PF,22,DET,46,1423,,,,76%,24%,-4.1,7.4,13,18,42,14,43,4,170,10,17,stewais01
484,Julian Strawther,SF,21,DEN,50,545,,14%,77%,9%,,-8.4,-16.3,4,8,26,8,9,2,111,2,9,strawju01
485,Max Strus,SF,27,CLE,70,2239,2%,34%,60%,5%,,5.6,6.8,58,26,88,9,36,19,656,9,42,strusma01
486,Jalen Suggs,SG,22,ORL,75,2025,14%,79%,8%,,,1.0,-1.6,68,33,105,13,65,35,491,16,26,suggsja01
487,Cole Swider,SF,24,MIA,18,87,,49%,40%,11%,,-13.7,-16.0,3,4,3,0,1,0,10,0,0,swideco01
488,Jae'Sean Tate,SF,28,HOU,65,1031,3%,33%,63%,1%,,5.3,5.6,15,8,68,7,19,14,164,5,17,tateja01
489,Jayson Tatum,PF,25,BOS,74,2645,,,26%,72%,2%,10.9,-1.2,91,53,54,32,208,4,922,44,61,tatumja01
490,Terry Taylor,PF,24,CHI,31,188,,,,65%,36%,4.3,6.0,2,2,10,2,3,0,26,1,2,taylote01
491,Garrett Temple,SG,37,TOR,27,289,13%,62%,26%,,,-14.2,-8.4,9,2,18,1,7,2,69,0,5,templga01
492,Dalen Terry,SG,21,CHI,59,681,1%,36%,56%,7%,,2.6,4.8,19,4,41,3,17,3,188,3,5,terryda01
493,Daniel Theis,C,31,TOT,60,1015,,,,2%,98%,3.8,0.3,11,8,76,14,20,9,148,4,27,theisda01
494,Cam Thomas,SG,22,BRK,66,2075,10%,69%,21%,1%,,-6.2,-6.7,44,40,69,9,155,15,458,35,78,thomaca02
495,Isaiah Thomas,PG,34,PHO,6,19,100%,,,,,-24.4,-27.8,0,0,0,0,0,0,7,0,2,thomais02
496,Amen Thompson,SF,21,HOU,62,1388,,22%,46%,31%,,2.4,1.9,40,32,63,9,82,12,395,27,38,thompam01
497,Ausar Thompson,SF,21,DET,63,1583,,2%,70%,28%,,-5.6,5.5,36,35,75,5,61,23,288,15,33,thompau01
498,Klay Thompson,SF,33,GSW,77,2284,,29%,61%,10%,,-0.5,-7.6,65,24,78,15,58,2,404,15,27,thompkl01
499,Tristan Thompson,C,32,CLE,49,549,,,,13%,87%,0.5,-2.5,6,8,23,9,16,0,129,3,12,thomptr01
500,JT Thor,PF,21,CHO,63,781,,1%,7%,64%,28%,-3.7,8.6,4,6,49,1,10,1,73,2,15,thorjt01
501,Matisse Thybulle,SF,26,POR,65,1487,,30%,65%,5%,,-7.5,3.1,24,9,47,3,14,14,212,2,12,thybuma01
502,Xavier Tillman Sr.,C-PF,25,TOT,54,974,,,,43%,57%,-1.6,0.6,14,10,43,8,22,0,195,4,23,tillmxa01
503,Jacob Toppin,SF,23,NYK,9,38,,,37%,63%,,-33.6,-38.7,0,0,2,0,1,0,8,0,1,toppija01
504,Obi Toppin,PF,25,IND,82,1730,,,,89%,11%,4.0,1.9,32,15,76,14,49,4,297,16,30,toppiob01
505,Juan Toscano-Anderson,SF,30,SAC,11,53,,17%,68%,15%,,-1.4,-2.8,2,0,7,0,0,0,10,0,2,toscaju01
506,Karl-Anthony Towns,PF,28,MIN,62,2026,,,1%,94%,5%,6.4,-0.2,72,36,105,52,138,10,434,39,67,townska01
507,Gary Trent Jr.,SG,25,TOR,71,1994,4%,76%,19%,1%,,-5.2,2.5,21,10,41,8,41,7,275,13,31,trentga02
508,Oscar Tshiebwe,PF,24,IND,8,42,,,,21%,79%,11.8,8.9,0,0,3,0,4,0,5,0,4,tshieos01
509,P.J. Tucker,PF,38,TOT,31,486,,,50%,44%,6%,-0.2,-4.5,5,0,29,1,2,5,42,1,2,tuckepj01
510,Myles Turner,C,27,IND,77,2076,,,,,100%,4.7,3.5,21,34,133,43,165,10,233,45,42,turnemy01
511,Hunter Tyson,PF,23,DEN,18,48,,,16%,69%,16%,4.7,-0.9,0,1,6,1,0,0,6,0,0,tysonhu01
512,Stanley Umude,SG,24,DET,24,307,,13%,66%,21%,,-10.6,-1.9,7,4,26,1,13,4,24,3,4,umudest01
513,Jonas Valančiūnas,C,31,NOP,82,1925,,,,,100%,4.2,-1.0,30,22,116,41,100,2,403,17,47,valanjo01
514,Jarred Vanderbilt,PF,24,LAL,29,581,,14%,68%,18%,1%,4.6,4.9,11,7,22,5,20,11,86,6,13,vandeja01
515,Fred VanVleet,PG,29,HOU,73,2684,84%,16%,,,,3.0,5.4,84,30,85,8,82,27,1391,18,32,vanvlfr01
516,Devin Vassell,SG,23,SAS,68,2248,9%,82%,9%,,,-6.4,-0.2,64,28,34,7,98,8,667,31,34,vassede01
517,Sasha Vezenkov,PF,28,SAC,42,511,,,30%,64%,6%,0.7,-0.7,4,4,16,2,7,2,49,1,9,vezenal01
518,Gabe Vincent,PG,27,LAL,11,218,38%,62%,,,,6.3,6.2,3,2,10,0,1,3,48,0,2,vincega01
519,Nikola Vučević,C,33,CHI,76,2610,,,,8%,92%,-3.6,-6.3,54,37,124,19,59,3,623,19,48,vucevni01
520,Tristan Vukcevic,C,20,WAS,10,153,,,,,100%,10.7,20.8,4,2,16,2,12,1,31,4,3,vukcetr01
521,Dean Wade,PF,27,CLE,54,1108,,,7%,88%,5%,10.1,10.4,8,8,53,1,10,12,106,2,3,wadede01
522,Franz Wagner,SF,22,ORL,72,2337,,4%,85%,11%,,4.3,6.2,61,48,74,18,143,34,635,34,77,wagnefr01
523,Moritz Wagner,C,26,ORL,80,1415,,,,1%,100%,2.5,1.1,19,34,62,33,112,27,235,36,40,wagnemo01
524,Ish Wainright,SF,29,TOT,11,62,,19%,34%,43%,4%,-2.0,4.1,1,0,3,1,1,0,2,0,0,wainris01
525,Jabari Walker,SF,21,POR,72,1700,,2%,35%,58%,6%,-10.8,-2.5,17,26,80,13,81,13,168,21,63,walkeja01
526,Jarace Walker,PF,20,IND,33,340,,,27%,67%,7%,3.3,0.4,12,5,17,0,3,2,89,1,1,walkeja02
527,Lonnie Walker IV,SG,25,BRK,58,1011,20%,67%,13%,,,0.2,4.3,17,14,40,4,26,3,182,5,23,walkelo01
528,Cason Wallace,SG,20,OKC,82,1692,29%,36%,34%,1%,,5.7,-3.9,22,14,71,2,20,3,282,3,23,wallaca01
529,Jordan Walsh,SF,19,BOS,9,83,,20%,69%,12%,,30.2,19.3,0,1,4,1,1,1,13,0,0,walshjo01
530,T.J. Warren,SF,30,MIN,11,125,,3%,28%,69%,,19.4,13.3,1,0,6,1,2,0,22,0,1,warretj01
531,P.J. Washington,PF,25,TOT,73,2221,,,3%,80%,17%,-3.0,2.8,50,24,109,15,72,9,336,22,42,washipj01
532,TyTy Washington Jr.,PG,22,MIL,11,56,73%,27%,,,,-11.3,-14.3,0,2,1,0,0,0,12,0,0,washity02
533,Yuta Watanabe,SF,29,TOT,34,464,2%,11%,45%,43%,,-8.5,-10.7,12,5,32,0,7,2,36,1,6,watanyu01
534,Lindy Waters III,SG,26,OKC,38,280,9%,44%,33%,15%,,-7.5,-16.6,4,1,15,0,1,0,62,1,1,waterli01
535,Trendon Watford,PF,23,BRK,63,856,,,4%,67%,29%,-3.8,-1.0,28,17,58,11,48,4,186,14,25,watfotr01
536,Peyton Watson,SF,21,DEN,80,1488,,1%,37%,61%,,-0.2,-9.2,22,19,94,9,54,2,205,8,32,watsope01
537,Victor Wembanyama,C,20,SAS,71,2106,,,,,100%,-3.1,7.0,123,90,90,17,173,17,620,45,27,wembavi01
538,Blake Wesley,SG,20,SAS,61,876,37%,57%,6%,,,-7.9,-1.9,38,9,51,3,41,0,415,6,15,weslebl01
539,Russell Westbrook,PG,35,LAC,68,1529,93%,7%,,,,4.4,1.4,95,35,47,6,81,6,697,19,43,westbru01
540,Coby White,PG,23,CHI,79,2881,85%,15%,,,,-0.8,2.1,73,58,99,12,113,50,983,25,66,whiteco01
541,Derrick White,SG,29,BOS,73,2381,20%,76%,4%,,,12.4,2.9,69,21,79,13,73,27,910,19,28,whitede01
542,Jack White,SF,26,MEM,4,64,,7%,39%,45%,9%,-22.3,-15.2,2,0,3,0,0,0,3,0,0,whiteja03
543,Cam Whitmore,SF,19,HOU,47,880,,2%,49%,46%,3%,-1.5,-3.5,16,20,34,6,55,1,74,8,33,whitmca01
544,Aaron Wiggins,SG,25,OKC,78,1228,13%,49%,28%,10%,,7.5,-0.6,24,21,57,5,38,5,201,9,33,wiggiaa01
545,Andrew Wiggins,SF,28,GSW,71,1920,,,66%,34%,,-0.6,-6.5,33,34,77,9,95,11,312,13,45,wiggian01
546,Lindell Wigginton,PG,25,MIL,3,8,100%,,,,,-52.7,-55.6,1,0,1,0,1,0,0,0,0,wiggili01
547,Alondes Williams,SG,24,MIA,7,16,61%,39%,,,,-57.1,-59.4,0,2,1,0,1,0,0,1,1,willial06
548,Brandon Williams,PG,24,DAL,17,113,100%,,,,,-22.6,-25.5,5,1,4,0,10,3,38,3,5,willibr03
549,Grant Williams,PF,25,TOT,76,2130,,,13%,67%,20%,-5.1,-3.0,39,29,111,26,57,30,424,16,28,willigr01
550,Jalen Williams,PF,22,OKC,71,2223,,1%,14%,83%,2%,8.6,1.5,56,42,85,12,105,21,783,22,51,willija06
551,Jaylin Williams,C,21,OKC,69,897,,,,10%,90%,7.2,-0.9,21,4,55,7,19,20,269,5,10,willija07
552,Jeenathan Williams,SG,24,HOU,22,129,23%,74%,3%,,,9.6,8.8,2,0,7,0,8,0,16,3,8,willije02
553,Kenrich Williams,PF,29,OKC,69,1029,,1%,5%,60%,33%,10.2,3.0,19,8,59,4,3,18,230,0,18,willike04
554,Malik Williams,C,25,TOR,7,107,,,,,100%,-23.6,-17.6,1,0,7,2,1,0,5,0,7,willima11
555,Mark Williams,C,22,CHO,19,508,,,,,100%,-0.8,11.3,5,2,26,7,30,0,57,4,18,willima07
556,Patrick Williams,PF,22,CHI,43,1174,,,,93%,7%,-0.7,1.1,25,22,45,4,33,2,166,4,28,willipa01
557,Robert Williams,C,26,POR,6,119,,,,18%,82%,-12.2,-3.0,2,2,12,2,5,0,12,3,4,williro04
558,Vince Williams Jr.,SG,23,MEM,52,1436,43%,55%,2%,,,-3.3,6.3,48,27,49,6,45,28,430,5,22,willivi01
559,Ziaire Williams,SF,22,MEM,51,1038,,23%,69%,8%,,-10.9,-4.9,30,21,46,4,33,20,178,6,27,willizi02
560,Zion Williamson,PF,23,NOP,70,2207,,,1%,86%,14%,2.4,-5.2,78,75,90,28,271,3,924,79,121,willizi01
561,D.J. Wilson,PF,27,PHI,2,15,,,,16%,84%,7.1,4.2,0,0,0,0,0,0,4,0,1,wilsodj01
562,Jalen Wilson,PF,23,BRK,43,664,,8%,38%,48%,5%,0.2,3.8,3,8,29,4,17,2,108,5,11,wilsoja03
563,Dylan Windler,SF,27,TOT,17,108,,2%,24%,74%,,-8.2,-7.3,1,0,5,0,0,0,24,0,0,windldy01
564,James Wiseman,C,22,DET,63,1091,,,,,100%,-14.1,-7.2,13,14,87,29,53,2,123,18,20,wisemja01
565,Isaiah Wong,SG,23,IND,1,4,100%,,,,,-62.5,-65.6,0,0,0,0,0,0,0,0,0,wongis01
566,Christian Wood,PF,28,LAL,50,872,,,46%,51%,3%,0.4,0.0,16,18,48,12,43,2,110,10,12,woodch01
567,Delon Wright,PG,31,TOT,47,742,86%,14%,,,,1.7,7.3,5,7,19,2,18,6,297,3,11,wrighde01
568,Thaddeus Young,PF,35,TOT,33,439,,,2%,17%,81%,-4.8,-0.2,7,6,30,1,6,4,126,3,10,youngth01
569,Trae Young,PG,25,ATL,54,1942,100%,,,,,-2.4,-0.3,174,41,49,7,131,35,1382,30,54,youngtr01
570,Omer Yurtseven,C,25,UTA,48,545,,,,,100%,-13.8,-10.4,12,11,27,12,14,0,69,6,12,yurtsom01
571,Cody Zeller,C,31,NOP,43,320,,,,,100%,7.3,2.9,6,2,24,6,14,4,92,3,10,zelleco01
572,Ivica Zubac,C,26,LAC,68,1794,,,,,100%,4.8,2.1,30,18,129,24,78,3,227,10,40,zubaciv01